scenario,time_min,tumor_cell_count,cumulative_phagocytosis_events,mean_ecm_density
baseline,0.5,25,0,0.44205
baseline,1.0,25,0,0.44183
baseline,1.5,25,0,0.44161
baseline,2.0,25,0,0.44139
baseline,2.5,26,0,0.44117
baseline,3.0,26,0,0.44095
baseline,3.5,26,0,0.44073
baseline,4.0,26,0,0.44051
baseline,4.5,26,0,0.44029
baseline,5.0,26,0,0.44007
baseline,5.5,26,0,0.43985
baseline,6.0,26,0,0.43963
baseline,6.5,26,0,0.43941
baseline,7.0,26,0,0.43919
baseline,7.5,26,1,0.43897
baseline,8.0,26,1,0.43875
baseline,8.5,28,1,0.43853
baseline,9.0,28,1,0.43831
baseline,9.5,29,1,0.43809
baseline,10.0,29,1,0.43787
baseline,10.5,30,1,0.43765
baseline,11.0,30,1,0.43743
baseline,11.5,30,1,0.43721
baseline,12.0,30,1,0.437
baseline,12.5,30,1,0.43678
baseline,13.0,29,2,0.43656
baseline,13.5,29,2,0.43634
baseline,14.0,30,2,0.43612
baseline,14.5,31,2,0.4359
baseline,15.0,32,3,0.43569
baseline,15.5,31,4,0.43547
baseline,16.0,32,4,0.43525
baseline,16.5,32,5,0.43503
baseline,17.0,32,5,0.43482
baseline,17.5,33,5,0.4346
baseline,18.0,35,5,0.43438
baseline,18.5,35,5,0.43416
baseline,19,35,5,0.43395
baseline,19.5,36,5,0.43373
baseline,20.0,35,6,0.43351
baseline,20.5,34,7,0.4333
baseline,21.0,34,7,0.43308
baseline,21.5,32,9,0.43286
baseline,22.0,33,9,0.43265
baseline,22.5,33,9,0.43243
baseline,23.0,33,9,0.43221
baseline,23.5,33,9,0.432
baseline,24.0,33,9,0.43178
baseline,24.5,33,9,0.43157
baseline,25.0,31,11,0.43135
baseline,25.5,30,12,0.43114
baseline,26.0,31,12,0.43092
baseline,26.5,29,14,0.4307
baseline,27.0,30,14,0.43049
baseline,27.5,31,14,0.43027
baseline,28.0,31,14,0.43006
baseline,28.5,33,14,0.42984
baseline,29.0,33,14,0.42963
baseline,29.5,34,14,0.42941
baseline,30.0,34,14,0.4292
baseline,30.5,35,15,0.42898
baseline,31.0,34,16,0.42877
baseline,31.5,36,16,0.42856
baseline,32.0,35,18,0.42834
baseline,32.5,36,18,0.42813
baseline,33.0,37,18,0.42791
baseline,33.5,37,19,0.4277
baseline,34.0,37,19,0.42749
baseline,34.5,36,20,0.42727
baseline,35.0,36,20,0.42706
baseline,35.5,34,22,0.42685
baseline,36.0,34,22,0.42663
baseline,36.5,35,22,0.42642
baseline,37.0,36,22,0.42621
baseline,37.5,36,22,0.42599
baseline,38.0,38,22,0.42578
baseline,38.5,40,22,0.42557
baseline,39.0,41,22,0.42535
baseline,39.5,41,23,0.42514
baseline,40.0,41,23,0.42493
HER2_low,0.5,25,0,0.44205
HER2_low,1.0,25,0,0.44183
HER2_low,1.5,25,0,0.44161
HER2_low,2.0,25,0,0.44139
HER2_low,2.5,26,0,0.44117
HER2_low,3.0,26,0,0.44095
HER2_low,3.5,26,0,0.44073
HER2_low,4.0,26,0,0.44051
HER2_low,4.5,26,0,0.44029
HER2_low,5.0,26,0,0.44007
HER2_low,5.5,26,0,0.43985
HER2_low,6.0,26,0,0.43963
HER2_low,6.5,27,0,0.43941
HER2_low,7.0,27,0,0.43919
HER2_low,7.5,26,1,0.43897
HER2_low,8.0,27,1,0.43875
HER2_low,8.5,28,1,0.43853
HER2_low,9.0,28,1,0.43831
HER2_low,9.5,28,1,0.43809
HER2_low,10.0,28,1,0.43787
HER2_low,10.5,29,1,0.43765
HER2_low,11.0,29,1,0.43743
HER2_low,11.5,30,1,0.43721
HER2_low,12.0,30,1,0.437
HER2_low,12.5,29,2,0.43678
HER2_low,13.0,28,3,0.43656
HER2_low,13.5,29,3,0.43634
HER2_low,14.0,29,3,0.43612
HER2_low,14.5,29,3,0.4359
HER2_low,15.0,29,4,0.43569
HER2_low,15.5,30,4,0.43547
HER2_low,16.0,32,4,0.43525
HER2_low,16.5,32,5,0.43503
HER2_low,17.0,33,5,0.43482
HER2_low,17.5,35,5,0.4346
HER2_low,18.0,36,5,0.43438
HER2_low,18.5,36,5,0.43416
HER2_low,19,36,5,0.43395
HER2_low,19.5,37,5,0.43373
HER2_low,20.0,37,5,0.43351
HER2_low,20.5,35,7,0.4333
HER2_low,21.0,36,7,0.43308
HER2_low,21.5,37,7,0.43286
HER2_low,22.0,37,8,0.43265
HER2_low,22.5,37,8,0.43243
HER2_low,23.0,37,9,0.43221
HER2_low,23.5,37,10,0.432
HER2_low,24.0,37,10,0.43178
HER2_low,24.5,39,10,0.43157
HER2_low,25.0,40,10,0.43135
HER2_low,25.5,41,10,0.43114
HER2_low,26.0,41,11,0.43092
HER2_low,26.5,41,12,0.4307
HER2_low,27.0,39,14,0.43049
HER2_low,27.5,41,14,0.43027
HER2_low,28.0,42,14,0.43006
HER2_low,28.5,43,14,0.42984
HER2_low,29.0,43,14,0.42963
HER2_low,29.5,42,15,0.42941
HER2_low,30.0,42,15,0.4292
HER2_low,30.5,44,15,0.42898
HER2_low,31.0,45,15,0.42877
HER2_low,31.5,44,16,0.42856
HER2_low,32.0,45,16,0.42834
HER2_low,32.5,45,16,0.42813
HER2_low,33.0,45,16,0.42791
HER2_low,33.5,45,16,0.4277
HER2_low,34.0,46,16,0.42749
HER2_low,34.5,49,16,0.42727
HER2_low,35.0,49,16,0.42706
HER2_low,35.5,49,17,0.42685
HER2_low,36.0,49,17,0.42663
HER2_low,36.5,51,17,0.42642
HER2_low,37.0,51,17,0.42621
HER2_low,37.5,51,17,0.42599
HER2_low,38.0,51,17,0.42578
HER2_low,38.5,51,17,0.42557
HER2_low,39.0,51,17,0.42535
HER2_low,39.5,50,18,0.42514
HER2_low,40.0,49,19,0.42493
no_CD47_block,0.5,25,0,0.44205
no_CD47_block,1.0,25,0,0.44183
no_CD47_block,1.5,25,0,0.44161
no_CD47_block,2.0,25,0,0.44139
no_CD47_block,2.5,26,0,0.44117
no_CD47_block,3.0,26,0,0.44095
no_CD47_block,3.5,26,0,0.44073
no_CD47_block,4.0,26,0,0.44051
no_CD47_block,4.5,26,0,0.44029
no_CD47_block,5.0,26,0,0.44007
no_CD47_block,5.5,26,0,0.43985
no_CD47_block,6.0,26,0,0.43963
no_CD47_block,6.5,27,0,0.43941
no_CD47_block,7.0,27,0,0.43919
no_CD47_block,7.5,26,1,0.43897
no_CD47_block,8.0,27,1,0.43875
no_CD47_block,8.5,28,1,0.43853
no_CD47_block,9.0,28,1,0.43831
no_CD47_block,9.5,28,1,0.43809
no_CD47_block,10.0,28,1,0.43787
no_CD47_block,10.5,29,1,0.43765
no_CD47_block,11.0,29,1,0.43743
no_CD47_block,11.5,30,1,0.43721
no_CD47_block,12.0,30,1,0.437
no_CD47_block,12.5,29,2,0.43678
no_CD47_block,13.0,29,2,0.43656
no_CD47_block,13.5,29,3,0.43634
no_CD47_block,14.0,29,4,0.43612
no_CD47_block,14.5,30,4,0.4359
no_CD47_block,15.0,31,4,0.43569
no_CD47_block,15.5,31,5,0.43547
no_CD47_block,16.0,32,5,0.43525
no_CD47_block,16.5,32,5,0.43503
no_CD47_block,17.0,33,5,0.43482
no_CD47_block,17.5,34,5,0.4346
no_CD47_block,18.0,35,6,0.43438
no_CD47_block,18.5,34,7,0.43416
no_CD47_block,19,34,7,0.43395
no_CD47_block,19.5,34,7,0.43373
no_CD47_block,20.0,34,7,0.43351
no_CD47_block,20.5,35,7,0.4333
no_CD47_block,21.0,36,7,0.43308
no_CD47_block,21.5,35,9,0.43286
no_CD47_block,22.0,35,10,0.43265
no_CD47_block,22.5,34,11,0.43243
no_CD47_block,23.0,34,11,0.43221
no_CD47_block,23.5,35,11,0.432
no_CD47_block,24.0,38,11,0.43178
no_CD47_block,24.5,39,11,0.43157
no_CD47_block,25.0,39,11,0.43135
no_CD47_block,25.5,41,11,0.43114
no_CD47_block,26.0,42,11,0.43092
no_CD47_block,26.5,42,12,0.4307
no_CD47_block,27.0,43,13,0.43049
no_CD47_block,27.5,43,13,0.43027
no_CD47_block,28.0,42,14,0.43006
no_CD47_block,28.5,42,15,0.42984
no_CD47_block,29.0,42,15,0.42963
no_CD47_block,29.5,43,15,0.42941
no_CD47_block,30.0,45,15,0.4292
no_CD47_block,30.5,46,15,0.42898
no_CD47_block,31.0,47,15,0.42877
no_CD47_block,31.5,47,15,0.42856
no_CD47_block,32.0,48,15,0.42834
no_CD47_block,32.5,48,15,0.42813
no_CD47_block,33.0,48,15,0.42791
no_CD47_block,33.5,48,15,0.4277
no_CD47_block,34.0,47,16,0.42749
no_CD47_block,34.5,48,16,0.42727
no_CD47_block,35.0,48,16,0.42706
no_CD47_block,35.5,49,16,0.42685
no_CD47_block,36.0,48,17,0.42663
no_CD47_block,36.5,49,17,0.42642
no_CD47_block,37.0,50,17,0.42621
no_CD47_block,37.5,50,17,0.42599
no_CD47_block,38.0,50,17,0.42578
no_CD47_block,38.5,50,18,0.42557
no_CD47_block,39.0,51,18,0.42535
no_CD47_block,39.5,51,18,0.42514
no_CD47_block,40.0,50,19,0.42493
high_TGFb,0.5,25,0,0.44205
high_TGFb,1.0,25,0,0.44183
high_TGFb,1.5,25,0,0.44161
high_TGFb,2.0,25,0,0.44139
high_TGFb,2.5,25,0,0.44117
high_TGFb,3.0,25,0,0.44095
high_TGFb,3.5,25,0,0.44073
high_TGFb,4.0,25,0,0.44051
high_TGFb,4.5,25,0,0.44029
high_TGFb,5.0,25,0,0.44007
high_TGFb,5.5,25,0,0.43985
high_TGFb,6.0,27,0,0.43963
high_TGFb,6.5,28,0,0.43941
high_TGFb,7.0,28,0,0.43919
high_TGFb,7.5,28,1,0.43897
high_TGFb,8.0,28,1,0.43875
high_TGFb,8.5,31,1,0.43853
high_TGFb,9.0,31,1,0.43831
high_TGFb,9.5,32,1,0.43809
high_TGFb,10.0,33,1,0.43787
high_TGFb,10.5,33,1,0.43765
high_TGFb,11.0,33,1,0.43743
high_TGFb,11.5,32,2,0.43721
high_TGFb,12.0,32,2,0.437
high_TGFb,12.5,31,3,0.43678
high_TGFb,13.0,31,3,0.43656
high_TGFb,13.5,31,4,0.43634
high_TGFb,14.0,30,5,0.43612
high_TGFb,14.5,30,5,0.4359
high_TGFb,15.0,31,5,0.43569
high_TGFb,15.5,30,6,0.43547
high_TGFb,16.0,30,6,0.43525
high_TGFb,16.5,31,6,0.43503
high_TGFb,17.0,31,6,0.43482
high_TGFb,17.5,33,6,0.4346
high_TGFb,18.0,35,6,0.43438
high_TGFb,18.5,34,7,0.43416
high_TGFb,19,33,9,0.43395
high_TGFb,19.5,33,9,0.43373
high_TGFb,20.0,33,9,0.43351
high_TGFb,20.5,33,9,0.4333
high_TGFb,21.0,34,9,0.43308
high_TGFb,21.5,33,10,0.43286
high_TGFb,22.0,33,11,0.43265
high_TGFb,22.5,32,12,0.43243
high_TGFb,23.0,31,14,0.43221
high_TGFb,23.5,31,14,0.432
high_TGFb,24.0,33,14,0.43178
high_TGFb,24.5,33,14,0.43157
high_TGFb,25.0,33,14,0.43135
high_TGFb,25.5,34,14,0.43114
high_TGFb,26.0,34,15,0.43092
high_TGFb,26.5,34,16,0.4307
high_TGFb,27.0,33,17,0.43049
high_TGFb,27.5,33,17,0.43027
high_TGFb,28.0,33,17,0.43006
high_TGFb,28.5,35,17,0.42984
high_TGFb,29.0,35,17,0.42963
high_TGFb,29.5,34,18,0.42941
high_TGFb,30.0,35,18,0.4292
high_TGFb,30.5,34,19,0.42898
high_TGFb,31.0,35,19,0.42877
high_TGFb,31.5,35,19,0.42856
high_TGFb,32.0,37,19,0.42834
high_TGFb,32.5,39,19,0.42813
high_TGFb,33.0,39,19,0.42791
high_TGFb,33.5,40,19,0.4277
high_TGFb,34.0,39,20,0.42749
high_TGFb,34.5,39,20,0.42727
high_TGFb,35.0,38,21,0.42706
high_TGFb,35.5,39,21,0.42685
high_TGFb,36.0,43,21,0.42663
high_TGFb,36.5,44,21,0.42642
high_TGFb,37.0,44,22,0.42621
high_TGFb,37.5,45,22,0.42599
high_TGFb,38.0,45,23,0.42578
high_TGFb,38.5,47,23,0.42557
high_TGFb,39.0,47,23,0.42535
high_TGFb,39.5,48,23,0.42514
high_TGFb,40.0,50,23,0.42493
CD147_ECM,0.5,25,0,0.44185
CD147_ECM,1.0,25,0,0.44143
CD147_ECM,1.5,25,0,0.44101
CD147_ECM,2.0,25,0,0.44059
CD147_ECM,2.5,26,0,0.44017
CD147_ECM,3.0,26,0,0.43975
CD147_ECM,3.5,26,0,0.43933
CD147_ECM,4.0,26,0,0.43891
CD147_ECM,4.5,26,0,0.43849
CD147_ECM,5.0,26,0,0.43807
CD147_ECM,5.5,26,0,0.43765
CD147_ECM,6.0,26,0,0.43723
CD147_ECM,6.5,26,0,0.43681
CD147_ECM,7.0,26,0,0.4364
CD147_ECM,7.5,27,0,0.43598
CD147_ECM,8.0,27,0,0.43556
CD147_ECM,8.5,29,0,0.43514
CD147_ECM,9.0,29,0,0.43472
CD147_ECM,9.5,29,0,0.43431
CD147_ECM,10.0,29,0,0.43389
CD147_ECM,10.5,29,0,0.43347
CD147_ECM,11.0,29,0,0.43306
CD147_ECM,11.5,30,0,0.43264
CD147_ECM,12.0,30,0,0.43222
CD147_ECM,12.5,30,0,0.43181
CD147_ECM,13.0,30,0,0.43139
CD147_ECM,13.5,31,0,0.43098
CD147_ECM,14.0,32,0,0.43056
CD147_ECM,14.5,33,0,0.43015
CD147_ECM,15.0,34,0,0.42973
CD147_ECM,15.5,35,0,0.42932
CD147_ECM,16.0,36,0,0.4289
CD147_ECM,16.5,36,0,0.42849
CD147_ECM,17.0,37,0,0.42807
CD147_ECM,17.5,38,0,0.42766
CD147_ECM,18.0,38,0,0.42725
CD147_ECM,18.5,38,0,0.42683
CD147_ECM,19,39,0,0.42642
CD147_ECM,19.5,39,0,0.42601
CD147_ECM,20.0,39,0,0.42559
CD147_ECM,20.5,41,0,0.42518
CD147_ECM,21.0,41,0,0.42477
CD147_ECM,21.5,41,0,0.42435
CD147_ECM,22.0,41,0,0.42394
CD147_ECM,22.5,42,0,0.42353
CD147_ECM,23.0,44,0,0.42312
CD147_ECM,23.5,45,0,0.42271
CD147_ECM,24.0,47,0,0.4223
CD147_ECM,24.5,50,0,0.42189
CD147_ECM,25.0,52,0,0.42147
CD147_ECM,25.5,52,0,0.42106
CD147_ECM,26.0,53,0,0.42065
CD147_ECM,26.5,53,0,0.42024
CD147_ECM,27.0,53,0,0.41983
CD147_ECM,27.5,55,0,0.41942
CD147_ECM,28.0,56,0,0.41901
CD147_ECM,28.5,58,0,0.4186
CD147_ECM,29.0,59,0,0.41819
CD147_ECM,29.5,59,0,0.41779
CD147_ECM,30.0,61,0,0.41738
CD147_ECM,30.5,61,0,0.41697
CD147_ECM,31.0,61,0,0.41656
CD147_ECM,31.5,63,0,0.41615
CD147_ECM,32.0,67,0,0.41574
CD147_ECM,32.5,69,0,0.41534
CD147_ECM,33.0,71,0,0.41493
CD147_ECM,33.5,74,0,0.41452
CD147_ECM,34.0,75,0,0.41411
CD147_ECM,34.5,75,0,0.41371
CD147_ECM,35.0,75,0,0.4133
CD147_ECM,35.5,75,0,0.41289
CD147_ECM,36.0,75,0,0.41249
CD147_ECM,36.5,75,0,0.41208
CD147_ECM,37.0,75,0,0.41168
CD147_ECM,37.5,75,0,0.41127
CD147_ECM,38.0,75,0,0.41086
CD147_ECM,38.5,75,0,0.41046
CD147_ECM,39.0,75,0,0.41005
CD147_ECM,39.5,75,0,0.40965
CD147_ECM,40.0,75,0,0.40924
